{

   "apikey": "╭═════❲ *THX TO* ❳══════⊷\n┃✜╭───────────────── \n┃✜╿➵ *NAYLA CHAN*\n┃✜╿➵ *RYNZ*\n┃✜╿➵ *LOLI KILLERS* \n┃✜╿➵ *ARA•ARA* \n┃✜╰─────────────────\n╰══════════════════⊷",
   "auth0r": "Yuzzu Kamiyaka",
   "elitrespon": "                  HORE SESEORANG TELAH MENJADI ELIT DI BOT INI\n                             ┏╗ ┏╗             \n                             ║┃ ║┃╔━╦╦┳═╗  ║╚┛┣═╦┳╗\n                             ║┃ ┃╚┫║┃┃┃╩┫  ┗╗┏╣┃┃║┃\n                             ┗╝ ╚━╩═┻━╩━╝   ┗╝┗═┻═╝",
   "connet": "[❗] BERHASIL CONNECT BOTZ\n[❗] THX TO JGN DIHAPUS/DIGANTI\n[❗] NAMA AUTHOR <NAYLA> JGN DI GANTI\n[❗] JANGAN DI PERJUAL BELIKAN\n[❗] PERATURAN DI LANGGAR? GW BERHENTI UPDATE\n[❗] JGN UPLOAD ULANG SC GW YA",
   "replytroli": "*OWNER GW GAY*\n*OWNER GW GAY*\n*OWNER GW GAY*\n*OWNER GW GAY*\n*OWNER GW GAY*\n*OWNER GW GAY*\n*OWNER GW GAY*\n*OWNER GW GAY*\n*OWNER GW GAY*\n*OWNER GW GAY*\n*OWNER GW GAY*\n*OWNER GW GAY*\n*OWNER GW GAY*\n*OWNER GW GAY*\n*OWNER GW GAY*\n*OWNER GW GAY*\n*OWNER GW GAY*\n*OWNER GW GAY*\n*OWNER GW GAY*\n*OWNER GW GAY*\n*OWNER GW GAY*\n*OWNER GW GAY*\n*OWNER GW GAY*\n*OWNER GW GAY*\n*OWNER GW GAY*\n*OWNER GW GAY*\n*OWNER GW GAY*\n*OWNER GW GAY*\n*OWNER GW GAY*\n*OWNER GW GAY*\n*OWNER GW GAY*\n*OWNER GW GAY*\n*OWNER GW GAY*\n*OWNER GW GAY*\n*OWNER GW GAY*\n*OWNER GW GAY*\n*OWNER GW GAY*\n*OWNER GW GAY*\n*OWNER GW GAY*\n*OWNER GW GAY*\n*OWNER GW GAY*\n*OWNER GW GAY*\n*OWNER GW GAY*\n*OWNER GW GAY*\n*OWNER GW GAY*\n*OWNER GW GAY*\n*OWNER GW GAY*\n*OWNER GW GAY*\n*OWNER GW GAY*\n*OWNER GW GAY*\n*OWNER GW GAY*\n*OWNER GW GAY*\n*OWNER GW GAY*\n*OWNER GW GAY*\n*OWNER GW GAY*\n*OWNER GW GAY*\n*OWNER GW GAY*\n*OWNER GW GAY*\n*OWNER GW GAY*\n*OWNER GW GAY*\n*OWNER GW GAY*\n*OWNER GW GAY*\n*OWNER GW GAY*\n*OWNER GW GAY*\n*OWNER GW GAY*\n*OWNER GW GAY*"
}
